{"loss": [4.451242446899414], "accuracy": [0.255679726600647]}